path,method,request_type,response_type,native_export,csharp_args_to_native,csharp_response_handling,naming_candidates_unverified,calling_class_method,game_callers,confidence,notes
/v1/assets/base_url,GET,UNKNOWN,Sks.Protobuf.V1.Assets.BaseUrl.Response,SksAssetGetBaseURL,(none),"RegisterCallback<Asset.ResultOfGetBaseURL, Response>()",,Sks.Asset$$GetBaseURL,Shelp.Internal.ApiCaller$$dispatchAssetApi,medium,request built in helper 0x54fbf8; request type not found as a ProtoContract TypeInfo in the calling closure
/v1/booster/players/@me/event_race/terms,POST,Sks.Protobuf.V1.Booster.EventRace.RewardCoins.Collect.Request,Sks.Protobuf.V1.Booster.EventRace.RewardCoins.Collect.Response,SksEventRaceCollectRewardCoin,"ByteArray requestBody, string termKey, string termFields, string playerTermSituationFields","RegisterCallback<EventRace.ResultOfCollectRewardCoin, Response>()",,Sks.EventRace$$CollectRewardCoin,Shelp.Internal.ApiCaller$$dispatchEventRaceApi,high,
/v1/booster/players/@me/event_race/terms,GET,UNKNOWN,Sks.Protobuf.V1.Booster.EventRace.Situations.Show.Response,SksEventRaceGetTermSituations,"string termKeys, string termFields, string playerTermSituationFields, string rewardProductFields","RegisterCallback<EventRace.ResultOfGetTermSituations, Response>()",,Sks.EventRace$$GetTermSituations,Shelp.Internal.ApiCaller$$dispatchEventRaceApi,medium,request type not found as a ProtoContract TypeInfo in the calling closure
/v1/booster/players/@me/event_race/terms,POST,Sks.Protobuf.V1.Booster.EventRace.RewardProducts.Purchase.Request,Sks.Protobuf.V1.Booster.EventRace.RewardProducts.Purchase.Response,SksEventRacePurchaseRewardProduct,"ByteArray requestBody, string termKey, string termFields, string playerTermSituationFields, string playerInventoryFields, string rewardProductFields","RegisterCallback<EventRace.ResultOfPurchaseRewardProduct, Response>()",,Sks.EventRace$$PurchaseRewardProduct,Shelp.Internal.ApiCaller$$dispatchEventRaceApi,high,
/v1/booster/players/@me/rank_race/ghosts,POST,Sks.Protobuf.V1.Booster.RankRace.Ghosts.Create.Request,Sks.Protobuf.V1.Booster.RankRace.Ghosts.Create.Response,SksRaceGhostCreateGhosts,ByteArray requestBody,"RegisterCallback<RaceGhost.ResultOfCreateGhosts, Response>()",,Sks.RaceGhost$$CreateGhosts,Shelp.Internal.ApiCaller$$dispatchRaceGhostApi,high,
/v1/booster/players/@me/rank_race/ghosts/download,POST,Sks.Protobuf.V1.Booster.RankRace.Ghosts.Download.Request,Sks.Protobuf.V1.Booster.RankRace.Ghosts.Download.Response,SksRaceGhostDownloadGhosts,ByteArray requestBody,"RegisterCallback<RaceGhost.ResultOfDownloadGhosts, Response>()",,Sks.RaceGhost$$DownloadGhosts,Shelp.Internal.ApiCaller$$dispatchRaceGhostApi,high,
/v1/booster/players/@me/rank_race/ghosts/prototype_destroy,POST,Sks.Protobuf.V1.Booster.RankRace.Ghosts.PrototypeDestroy.Request,NONE_PARSED,SksRaceGhostDeleteGhosts,ByteArray requestBody,RegisterCallback<RaceGhost.ResultOfDeleteGhosts>(),Sks.Protobuf.V1.Booster.RankRace.Ghosts.PrototypeDestroy.Response,Sks.RaceGhost$$DeleteGhosts,Shelp.Internal.ApiCaller$$dispatchRaceGhostApi,high,C# registers RegisterCallback<T> with no protobuf schema: the client does not parse a response body for this call
/v1/booster/players/@me/rank_race/ghosts/prototype_search,POST,Sks.Protobuf.V1.Booster.RankRace.Ghosts.PrototypeSearch.Request,Sks.Protobuf.V1.Booster.RankRace.Ghosts.PrototypeSearch.Response,SksRaceGhostSearchGhosts,ByteArray requestBody,"RegisterCallback<RaceGhost.ResultOfSearchGhosts, Response>()",,Sks.RaceGhost$$SearchGhosts,Shelp.Internal.ApiCaller$$dispatchRaceGhostApi,high,
/v1/booster/players/@me/rarity_box_lottery/lotteries,POST,Sks.Protobuf.V1.Booster.RarityBoxLottery.Packages.Draw.Request,Sks.Protobuf.V1.Booster.RarityBoxLottery.Packages.Draw.Response,SksRarityBoxLotteryDrawLotteryByPlayerStorage,"ByteArray requestBody, string lotteryKey, string packageKey, string playerInventoryFields, string storageFields, string lotteryFields","RegisterCallback<RarityBoxLottery.ResultOfDrawLotteryByPlayerStorage, Response>()",,Sks.RarityBoxLottery$$DrawLotteryByPlayerStorage,Shelp.Internal.ApiCaller$$dispatchRarityBoxLotteryApi,high,
/v1/booster/players/@me/rarity_box_lottery/lotteries,POST,Sks.Protobuf.V1.Booster.RarityBoxLottery.Packages.Draw.Request,Sks.Protobuf.V1.Booster.RarityBoxLottery.Packages.Draw.Response,SksRarityBoxLotteryDrawLotteryByTicket,"ByteArray requestBody, string lotteryKey, string packageKey, string playerInventoryFields, string ticketFields, string lotteryFields","RegisterCallback<RarityBoxLottery.ResultOfDrawLotteryByTicket, Response>()",,Sks.RarityBoxLottery$$DrawLotteryByTicket,Shelp.Internal.ApiCaller$$dispatchRarityBoxLotteryApi,high,
/v1/booster/players/@me/rarity_box_lottery/lotteries,POST,Sks.Protobuf.V1.Booster.RarityBoxLottery.Packages.Draw.Request,Sks.Protobuf.V1.Booster.RarityBoxLottery.Packages.Draw.Response,SksRarityBoxLotteryDrawLotteryByVirtualCurrency,"ByteArray requestBody, string lotteryKey, string packageKey, string playerInventoryFields, string virtualCurrencyBalanceFields, string lotteryFields","RegisterCallback<RarityBoxLottery.ResultOfDrawLotteryByVirtualCurrency, Response>()",,Sks.RarityBoxLottery$$DrawLotteryByVirtualCurrency,Shelp.Internal.ApiCaller$$dispatchRarityBoxLotteryApi,high,
/v1/booster/players/@me/rarity_box_lottery/lotteries,GET,UNKNOWN,Sks.Protobuf.V1.Booster.RarityBoxLottery.Lotteries.Show.Response,SksRarityBoxLotteryGetLotteries,"string lotteryKeys, string lotteryFields, string lotteryPackageFields, string ticketFields","RegisterCallback<RarityBoxLottery.ResultOfGetLotteries, Response>()",,Sks.RarityBoxLottery$$GetLotteries,Shelp.Internal.ApiCaller$$dispatchRarityBoxLotteryApi,medium,request type not found as a ProtoContract TypeInfo in the calling closure
/v1/booster/players/@me/rarity_box_lottery/lotteries,GET,UNKNOWN,Sks.Protobuf.V1.Booster.RarityBoxLottery.Packages.Index.Response,SksRarityBoxLotteryGetLotteryPackages,"string lotteryKeys, string lotteryPackageFields","RegisterCallback<RarityBoxLottery.ResultOfGetLotteryPackages, Response>()",,Sks.RarityBoxLottery$$GetLotteryPackages,Shelp.Internal.ApiCaller$$dispatchRarityBoxLotteryApi,medium,request type not found as a ProtoContract TypeInfo in the calling closure
/v1/booster/players/@me/rarity_box_lottery/lotteries,GET,UNKNOWN,Sks.Protobuf.V1.Booster.RarityBoxLottery.Tickets.Show.Response,SksRarityBoxLotteryGetLotteryTickets,"string lotteryKeys, string ticketFields","RegisterCallback<RarityBoxLottery.ResultOfGetLotteryTickets, Response>()",,Sks.RarityBoxLottery$$GetLotteryTickets,Shelp.Internal.ApiCaller$$dispatchRarityBoxLotteryApi,medium,request type not found as a ProtoContract TypeInfo in the calling closure
/v1/booster/players/@me/rarity_box_lottery/lotteries,POST,UNKNOWN,Sks.Protobuf.V1.Booster.RarityBoxLottery.Lotteries.ResetItems.Response,SksRarityBoxLotteryResetLotteryItems,string lotteryKey,"RegisterCallback<RarityBoxLottery.ResultOfResetLotteryItems, Response>()",Sks.Protobuf.V1.Booster.RarityBoxLottery.Lotteries.ResetItems.Request,Sks.RarityBoxLottery$$ResetLotteryItems,Shelp.Internal.ApiCaller$$dispatchRarityBoxLotteryApi,medium,request type not found as a ProtoContract TypeInfo in the calling closure
/v1/friend_history,POST,Sks.Protobuf.V1.FriendHistories.Create.Request,Sks.Protobuf.V1.FriendHistories.Create.Response,SksFriendHistoryCreateHistory,ByteArray requestBody,"RegisterCallback<Security.ResultOfVerifyHashValue, Response>()",,Sks.Security$$VerifyHashValue,Shelp.Internal.ApiCaller$$dispatchSecurityApi,high,request built in helper 0x55c940
/v1/friend_requests,DELETE,UNKNOWN,NONE_PARSED,SksFriendDeleteFriendRequest,string toPlayerId,RegisterCallback<Friend.ResultOfDeleteFriendRequest>(),,Sks.Friend$$DeleteFriendRequest,Shelp.Internal.ApiCaller$$dispatchFriendApi,medium,request built in helper 0x554700; request type not found as a ProtoContract TypeInfo in the calling closure; C# registers RegisterCallback<T> with no protobuf schema: the client does not parse a response body for this call
/v1/friend_requests,GET,UNKNOWN,Sks.Protobuf.V1.FriendRequests.Index.Response,SksFriendGetReceivedFriendRequests,"string cursor, uint perPage, string fields","RegisterCallback<Friend.ResultOfGetReceivedFriendRequests, Response>()",,Sks.Friend$$GetReceivedFriendRequests,Shelp.Internal.ApiCaller$$dispatchFriendApi,medium,request built in helper 0x553150; request type not found as a ProtoContract TypeInfo in the calling closure
/v1/friend_requests,GET,UNKNOWN,Sks.Protobuf.V1.FriendRequests.Index.Response,SksFriendGetSentFriendRequests,"string cursor, uint perPage, string fields","RegisterCallback<Friend.ResultOfGetSentFriendRequests, Response>()",,Sks.Friend$$GetSentFriendRequests,Shelp.Internal.ApiCaller$$dispatchFriendApi,medium,request built in helper 0x552c68; request type not found as a ProtoContract TypeInfo in the calling closure
/v1/friend_requests,DELETE,UNKNOWN,NONE_PARSED,SksFriendRefuseFriendRequest,string fromPlayerId,RegisterCallback<Friend.ResultOfRefuseFriendRequest>(),,Sks.Friend$$RefuseFriendRequest,Shelp.Internal.ApiCaller$$dispatchFriendApi,medium,request built in helper 0x554ae8; request type not found as a ProtoContract TypeInfo in the calling closure; C# registers RegisterCallback<T> with no protobuf schema: the client does not parse a response body for this call
/v1/friend_requests,POST,Sks.Protobuf.V1.FriendRequests.Create.Request,Sks.Protobuf.V1.FriendRequests.Create.Response,SksFriendSendFriendRequest,"ByteArray requests, string friendRequestFields, string friendFields","RegisterCallback<Friend.ResultOfSendFriendRequest, Response>()",,Sks.Friend$$SendFriendRequest,Shelp.Internal.ApiCaller$$dispatchFriendApi,high,request built in helper 0x553d8c
/v1/masters,GET,UNKNOWN,Sks.Protobuf.V1.Masters.Show.Response,SksMasterGetMasters,"string keys, string fields","RegisterCallback<Master.ResultOfGetMasters, Response>()",,Sks.Master$$GetMasters,Shelp.Internal.ApiCaller$$dispatchMasterApi,medium,request built in helper 0x5585c0; request type not found as a ProtoContract TypeInfo in the calling closure
/v1/na/friend_candidates,GET,UNKNOWN,Sks.Protobuf.V1.Na.FriendCandidates.Index.Response,SksNintendoAccountGetFriendCandidates,"uint count, string applicationIds","RegisterCallback<NintendoAccount.ResultOfGetFriendCandidates, Response>()",Sks.Protobuf.V1.Na.FriendCandidates.Index.Request,Sks.NintendoAccount$$GetFriendCandidates,Shelp.Internal.ApiCaller$$dispatchNintendoAccountApi,medium,request built in helper 0x5590e4; request type not found as a ProtoContract TypeInfo in the calling closure
/v1/na/players/@me/mission_progress,POST,Sks.Protobuf.V1.Na.MissionProgresses.Create.Request,Sks.Protobuf.V1.Na.MissionProgresses.Create.Response,SksNintendoAccountSetMissionSteps,"string language, ByteArray requestBody","RegisterCallback<NintendoAccount.ResultOfIncrementMissionSteps, Response>(); RegisterCallback<NintendoAccount.ResultOfSetMissionSteps, Response>()",,Sks.NintendoAccount$$IncrementMissionSteps; Sks.NintendoAccount$$SetMissionSteps,Shelp.Internal.ApiCaller$$dispatchNintendoAccountApi,high,request built in helper 0x558d14
/v1/payment/received_extra_bonus_amounts,GET,UNKNOWN,Sks.Protobuf.V1.Payment.ReceivedExtraBonusAmounts.Show.Response,SksPaymentGetReceivedExtraBonusAmounts,string skus,"RegisterCallback<Payment.ResultOfGetReceivedExtraBonusAmounts, Response>()",,Sks.Payment$$GetReceivedExtraBonusAmounts,Shelp.Internal.ApiCaller$$dispatchPaymentApi,medium,request built in helper 0x559a98; request type not found as a ProtoContract TypeInfo in the calling closure
/v1/players/@me/achievements,POST,Sks.Protobuf.V1.Players.Achievements.Create.Request,Sks.Protobuf.V1.Players.Achievements.Create.Response,SksAchievementUnlockAchievement,"ByteArray requestBody, string fields","RegisterCallback<Achievement.ResultOfUnlockAchievement, Response>()",,Sks.Achievement$$UnlockAchievement,Shelp.Internal.ApiCaller$$dispatchAchievementApi,high,request built in helper 0x54d698
/v1/players/@me/achievements/create_multi,POST,Sks.Protobuf.V1.Players.Achievements.CreateMulti.Request,Sks.Protobuf.V1.Players.Achievements.CreateMulti.Response,SksAchievementUnlockAchievements,"ByteArray requestBody, string achievementFields","RegisterCallback<Achievement.ResultOfUnlockAchievements, Response>()",,Sks.Achievement$$UnlockAchievements,Shelp.Internal.ApiCaller$$dispatchAchievementApi,high,request built in helper 0x54d2bc
/v1/players/@me/achievements/list,POST,Sks.Protobuf.V1.Players.Achievements.List.Request,Sks.Protobuf.V1.Players.Achievements.List.Response,SksAchievementGetAchievements,"ByteArray requestBody, string fields","RegisterCallback<Achievement.ResultOfGetAchievements, Response>()",,Sks.Achievement$$GetAchievements,Shelp.Internal.ApiCaller$$dispatchAchievementApi,high,request built in helper 0x54cee4
/v1/players/@me/announcements,GET,UNKNOWN,Sks.Protobuf.V1.Players.Announcements.Index.Response,SksAnnouncementGetAnnouncements,"string language, string country, string birthday, string cursor, uint perPage, string fields","RegisterCallback<Announcement.ResultOfGetAnnouncements, Response>()",,Sks.Announcement$$GetAnnouncements,Shelp.Internal.ApiCaller$$dispatchAnnouncementApi,medium,request built in helper 0x54e360; request type not found as a ProtoContract TypeInfo in the calling closure
/v1/players/@me/announcements,GET,UNKNOWN,Sks.Protobuf.V1.Players.Announcements.Show.Response,SksAnnouncementReadAnnouncements,"string language, string keys, string fields","RegisterCallback<Announcement.ResultOfReadAnnouncements, Response>()",,Sks.Announcement$$ReadAnnouncements,Shelp.Internal.ApiCaller$$dispatchAnnouncementApi,medium,request built in helper 0x54e9d8; request type not found as a ProtoContract TypeInfo in the calling closure
/v1/players/@me/block_lists,GET,UNKNOWN,Sks.Protobuf.V1.Players.BlockLists.Index.Response,SksBlockListGetPlayers,"string cursor, uint perPage, string blockedPlayerFields","RegisterCallback<BlockList.ResultOfGetPlayers, Response>()",,Sks.BlockList$$GetPlayers,Shelp.Internal.ApiCaller$$dispatchBlockListApi,medium,request built in helper 0x550114; request type not found as a ProtoContract TypeInfo in the calling closure
/v1/players/@me/block_lists/add,POST,Sks.Protobuf.V1.Players.BlockLists.Add.Request,Sks.Protobuf.V1.Players.BlockLists.Add.Response,SksBlockListAddPlayers,"ByteArray requestBody, string blockedPlayerFields","RegisterCallback<BlockList.ResultOfAddPlayers, Response>()",,Sks.BlockList$$AddPlayers,Shelp.Internal.ApiCaller$$dispatchBlockListApi,high,request built in helper 0x55065c
/v1/players/@me/block_lists/remove,POST,Sks.Protobuf.V1.Players.BlockLists.Remove.Request,Sks.Protobuf.V1.Players.BlockLists.Remove.Response,SksBlockListRemovePlayers,ByteArray requestBody,"RegisterCallback<BlockList.ResultOfRemovePlayers, Response>()",,Sks.BlockList$$RemovePlayers,Shelp.Internal.ApiCaller$$dispatchBlockListApi,high,request built in helper 0x550b90
/v1/players/@me/deactivate,POST,UNKNOWN,NONE_PARSED,SksSystemDeactivatePlayer,IntPtr callback,RegisterCallback<System.ResultOfDeactivatePlayer>(),,Sks.System$$DeactivatePlayer,Shelp.Internal.ApiCaller$$dispatchSystemApi,medium,request built in helper 0x5608e4; request type not found as a ProtoContract TypeInfo in the calling closure; C# registers RegisterCallback<T> with no protobuf schema: the client does not parse a response body for this call
/v1/players/@me/facebook,GET,UNKNOWN,Sks.Protobuf.V1.Players.Facebooks.Show.Response,SksFacebookAccountGetStatus,string linkStatusFields,"RegisterCallback<FacebookAccount.ResultOfGetStatus, Response>()",,Sks.FacebookAccount$$GetStatus,Shelp.Internal.ApiCaller$$dispatchFacebookAccountApi,medium,request built in helper 0x551820; request type not found as a ProtoContract TypeInfo in the calling closure
/v1/players/@me/facebook,POST,Sks.Protobuf.V1.Players.Facebooks.Create.Request,Sks.Protobuf.V1.Players.Facebooks.Create.Response,SksFacebookAccountLinkWithPlayer,"ByteArray requestBody, string linkStatusFields","RegisterCallback<FacebookAccount.ResultOfLinkWithPlayer, Response>()",,Sks.FacebookAccount$$LinkWithPlayer,Shelp.Internal.ApiCaller$$dispatchFacebookAccountApi,high,request built in helper 0x551de4
/v1/players/@me/facebook,DELETE,UNKNOWN,NONE_PARSED,SksFacebookAccountUnlink,(none),RegisterCallback<FacebookAccount.ResultOfUnlink>(),,Sks.FacebookAccount$$Unlink,Shelp.Internal.ApiCaller$$dispatchFacebookAccountApi,medium,request built in helper 0x5521c0; request type not found as a ProtoContract TypeInfo in the calling closure; C# registers RegisterCallback<T> with no protobuf schema: the client does not parse a response body for this call
/v1/players/@me/friend_candidates,GET,UNKNOWN,Sks.Protobuf.V1.Players.FriendCandidates.Index.Response,SksFriendCandidateGetFriendCandidates,"string friendCandidateRoutes, string cursor, uint perPage, string friendCandidateFields","RegisterCallback<FriendCandidate.ResultOfGetFriendCandidates, Response>()",,Sks.FriendCandidate$$GetFriendCandidates,Shelp.Internal.ApiCaller$$dispatchFriendCandidateApi,medium,request built in helper 0x554ff8; request type not found as a ProtoContract TypeInfo in the calling closure
/v1/players/@me/friend_candidates/random,GET,UNKNOWN,Sks.Protobuf.V1.Players.FriendCandidates.Random.Response,SksFriendCandidateGetRandomFriendCandidates,"string friendCandidateRoutes, uint perPage, string friendCandidateFields","RegisterCallback<FriendCandidate.ResultOfGetRandomFriendCandidates, Response>()",,Sks.FriendCandidate$$GetRandomFriendCandidates,Shelp.Internal.ApiCaller$$dispatchFriendCandidateApi,medium,request built in helper 0x555578; request type not found as a ProtoContract TypeInfo in the calling closure
/v1/players/@me/friend_relationships,POST,Sks.Protobuf.V1.Players.FriendRelationships.Create.Request,Sks.Protobuf.V1.Players.FriendRelationships.Create.Response,SksFriendGetRelationships,"ByteArray requests, string friendFields, string sentFriendRequestFields, string receivedFriendRequestFields, string storageFields","RegisterCallback<Friend.ResultOfGetRelationships, Response>()",,Sks.Friend$$GetRelationships,Shelp.Internal.ApiCaller$$dispatchFriendApi,high,request built in helper 0x553634
/v1/players/@me/friends,DELETE,UNKNOWN,NONE_PARSED,SksFriendDeleteFriend,string playerId,RegisterCallback<Friend.ResultOfDeleteFriend>(),,Sks.Friend$$DeleteFriend,Shelp.Internal.ApiCaller$$dispatchFriendApi,medium,request built in helper 0x554210; request type not found as a ProtoContract TypeInfo in the calling closure; C# registers RegisterCallback<T> with no protobuf schema: the client does not parse a response body for this call
/v1/players/@me/friends,GET,UNKNOWN,Sks.Protobuf.V1.Players.Friends.Index.Response,SksFriendGetFriends,"string storageKeys, string cursor, uint perPage, string friendFields, string storageFields","RegisterCallback<Friend.ResultOfGetFriends, Response>()",,Sks.Friend$$GetFriends,Shelp.Internal.ApiCaller$$dispatchFriendApi,medium,request built in helper 0x55250c; request type not found as a ProtoContract TypeInfo in the calling closure
/v1/players/@me/iris/access_token,POST,UNKNOWN,Sks.Protobuf.V1.Players.Iris.AccessToken.Create.Response,SksIrisGetAccessToken,(none),"RegisterCallback<Iris.ResultOfGetAccessToken, Response>()",Sks.Protobuf.V1.Players.Iris.AccessToken.Create.Request,Sks.Iris$$GetAccessToken,Shelp.Internal.ApiCaller$$dispatchIrisApi,medium,request built in helper 0x556b04; request type not found as a ProtoContract TypeInfo in the calling closure
/v1/players/@me/private_announcements,GET,UNKNOWN,Sks.Protobuf.V1.Players.PrivateAnnouncements.Index.Response,SksAnnouncementGetPrivateAnnouncements,"string language, string cursor, uint perPage, string privateAnnouncementFields","RegisterCallback<Announcement.ResultOfGetPrivateAnnouncements, Response>()",,Sks.Announcement$$GetPrivateAnnouncements,Shelp.Internal.ApiCaller$$dispatchAnnouncementApi,medium,request built in helper 0x54dbc8; request type not found as a ProtoContract TypeInfo in the calling closure
/v1/players/@me/search_tokens,POST,UNKNOWN,Sks.Protobuf.V1.Players.SearchTokens.Create.Response,SksPlayerCreateSearchToken,string key,"RegisterCallback<Player.ResultOfCreateSearchToken, Response>()",Sks.Protobuf.V1.Players.SearchTokens.Create.Request,Sks.Player$$CreateSearchToken,Shelp.Internal.ApiCaller$$dispatchPlayerApi,medium,request built in helper 0x55a988; request type not found as a ProtoContract TypeInfo in the calling closure
/v1/players/@me/search_tokens,GET,UNKNOWN,Sks.Protobuf.V1.Players.SearchTokens.Index.Response,SksPlayerGetSearchToken,string key,"RegisterCallback<Player.ResultOfGetSearchToken, Response>()",,Sks.Player$$GetSearchToken,Shelp.Internal.ApiCaller$$dispatchPlayerApi,medium,request built in helper 0x55a5e4; request type not found as a ProtoContract TypeInfo in the calling closure
/v1/players/@me/session,POST,UNKNOWN,UNKNOWN,SksInternalSessionCreatePlayerSession,"string idToken, int count",UNKNOWN,,Sks.Internal.Session$$CreatePlayerSession,,low,"request built in helper 0x562450; request type not found as a ProtoContract TypeInfo in the calling closure; response type not found (no ResultOf ctor, converter lambda or handler factory)"
/v1/players/@me/storages,POST,Sks.Protobuf.V1.Players.Storages.Create.Request,UNKNOWN,SksStorageSetPlayerStorages,"ByteArray requestBody, string storageFields",UNKNOWN,Sks.Protobuf.V1.Players.Storages.Create.Response,Sks.Storage$$SetPlayerStorages,Shelp.Internal.ApiCaller$$dispatchStorageApi,medium,"request built in helper 0x55f3b0; response type not found (no ResultOf ctor, converter lambda or handler factory)"
/v1/players/@me/storages_and_inventories,POST,Sks.Protobuf.V1.StoragesAndInventories.Create.Request,Sks.Protobuf.V1.StoragesAndInventories.Create.Response,SksInventoryDeleteInventoriesAndSetPlayerStorages,"ByteArray requestBody, string storageFields, string inventoryFields","RegisterCallback<Inventory.ResultOfDeleteInventoriesAndSetPlayerStorages, Response>()",,Sks.Inventory$$DeleteInventoriesAndSetPlayerStorages,Shelp.Internal.ApiCaller$$dispatchInventoryApi,high,request built in helper 0x555d88
/v1/players/@me/twitter,GET,UNKNOWN,Sks.Protobuf.V1.Players.Twitters.Show.Response,SksTwitterAccountGetStatus,string linkProgressFields,"RegisterCallback<TwitterAccount.ResultOfGetStatus, Response>()",,Sks.TwitterAccount$$GetStatus,Shelp.Internal.ApiCaller$$dispatchTwitterAccountApi,medium,request built in helper 0x561448; request type not found as a ProtoContract TypeInfo in the calling closure
/v1/players/@me/twitter,POST,Sks.Protobuf.V1.Players.Twitters.Create.Request,Sks.Protobuf.V1.Players.Twitters.Create.Response,SksTwitterAccountLinkWithPlayer,"ByteArray requestBody, string linkProgressFields","RegisterCallback<TwitterAccount.ResultOfLinkWithPlayer, Response>()",,Sks.TwitterAccount$$LinkWithPlayer,Shelp.Internal.ApiCaller$$dispatchTwitterAccountApi,high,request built in helper 0x560d60
/v1/players/@me/twitter,DELETE,UNKNOWN,NONE_PARSED,SksTwitterAccountUnlink,(none),RegisterCallback<TwitterAccount.ResultOfUnlink>(),,Sks.TwitterAccount$$Unlink,Shelp.Internal.ApiCaller$$dispatchTwitterAccountApi,medium,request built in helper 0x56113c; request type not found as a ProtoContract TypeInfo in the calling closure; C# registers RegisterCallback<T> with no protobuf schema: the client does not parse a response body for this call
/v1/players/@me/virtual_currencies/consume_and_set_player_storages,POST,Sks.Protobuf.V1.VirtualCurrencies.ConsumeAndSetPlayerStorages.Request,Sks.Protobuf.V1.VirtualCurrencies.ConsumeAndSetPlayerStorages.Response,SksVirtualCurrencyConsumeAndSetPlayerStorages,"ByteArray requestBody, string storageFields","RegisterCallback<VirtualCurrency.ResultOfConsumeAndSetPlayerStorages, Response>()",,Sks.VirtualCurrency$$ConsumeAndSetPlayerStorages,Shelp.Internal.ApiCaller$$dispatchVirtualCurrencyApi,high,request built in helper 0x561e64
/v1/players/@me/virtual_currencies/recover,POST,UNKNOWN,Sks.Protobuf.V1.VirtualCurrencies.Recover.Response,SksPaymentRecover,string virtualCurrencyBalanceFields; string balanceFields,"RegisterCallback<VirtualCurrency.ResultOfRecoverConsumed, Response>()",Sks.Protobuf.V1.VirtualCurrencies.Recover.Request,Sks.Payment$$Recover; Sks.VirtualCurrency$$RecoverConsumed,Shelp.Internal.ApiCaller$$dispatchPaymentApi; Shelp.Internal.ApiCaller$$dispatchVirtualCurrencyApi,medium,request built in helper 0x559574; request type not found as a ProtoContract TypeInfo in the calling closure
/v1/players/@me/virtual_currencies_and_inventories,POST,Sks.Protobuf.V1.VirtualCurrenciesAndInventories.Create.Request,Sks.Protobuf.V1.VirtualCurrenciesAndInventories.Create.Response,SksInventoryDeleteInventoriesAndUpdateVirtualCurrencies,"ByteArray requestBody, string inventoryFields, string virtualCurrencyBalanceFields","RegisterCallback<Inventory.ResultOfDeleteInventoriesAndUpdateVirtualCurrencies, Response>()",,Sks.Inventory$$DeleteInventoriesAndUpdateVirtualCurrencies,Shelp.Internal.ApiCaller$$dispatchInventoryApi,high,request built in helper 0x556204
/v1/players/_/storages/list,POST,Sks.Protobuf.V1.Players.Storages.List.Request,Sks.Protobuf.V1.Players.Storages.Index.Response,SksStorageGetPlayerStorages,"ByteArray requestBody, string storageFields",UNKNOWN,Sks.Protobuf.V1.Players.Storages.List.Response,Sks.Storage$$GetPlayerStorages; Sks.Storage$$GetOtherPlayerStorages,Shelp.Internal.ApiCaller$$dispatchStorageApi,high,request built in helper 0x55efd4
/v1/players/search_tokens,GET,UNKNOWN,Sks.Protobuf.V1.Players.SearchTokens.Show.Response,SksPlayerGetPlayerBySearchToken,"string key, string token","RegisterCallback<Player.ResultOfGetPlayerBySearchToken, Response>()",,Sks.Player$$GetPlayerBySearchToken,Shelp.Internal.ApiCaller$$dispatchPlayerApi,medium,request built in helper 0x55ad34; request type not found as a ProtoContract TypeInfo in the calling closure
/v1/secure_random,POST,Sks.Protobuf.V1.SecureRandoms.Create.Request,Sks.Protobuf.V1.SecureRandoms.Create.Response,SksSecureRandomGenerateRandomBytes,ByteArray requestBody,"RegisterCallback<SecureRandom.ResultOfGenerateRandomBytes, Response>()",,Sks.SecureRandom$$GenerateRandomBytes,Shelp.Internal.ApiCaller$$dispatchSecureRandomApi,high,request built in helper 0x55c3fc
/v1/shared_resource_messages,GET,UNKNOWN,Sks.Protobuf.V1.SharedResourceMessages.Index.Response,SksSharedResourceGetMessages,"string id, uint from, SharedResource.Direction direction, uint limit, string sharedResourceMessageFields","RegisterCallback<SharedResource.ResultOfGetMessages, Response>()",,Sks.SharedResource$$GetMessages,Shelp.Internal.ApiCaller$$dispatchSharedResourceApi,medium,request built in helper 0x55e450; request type not found as a ProtoContract TypeInfo in the calling closure
/v1/shared_resource_messages,POST,Sks.Protobuf.V1.SharedResourceMessages.Create.Request,Sks.Protobuf.V1.SharedResourceMessages.Create.Response,SksSharedResourceSendMessageAndSetPlayerStorages,"ByteArray requestBody, string sharedResourceFields, string sharedResourceMessageFields, string storageFields","RegisterCallback<SharedResource.ResultOfSendMessageAndSetPlayerStorages, Response>()",,Sks.SharedResource$$SendMessageAndSetPlayerStorages,Shelp.Internal.ApiCaller$$dispatchSharedResourceApi,high,request built in helper 0x55e968
/v1/shared_resources,POST,Sks.Protobuf.V1.SharedResources.Create.Request,Sks.Protobuf.V1.SharedResources.Create.Response,SksSharedResourceCreateResource,"ByteArray requestBody, string sharedResourceFields","RegisterCallback<SharedResource.ResultOfCreateResource, Response>()",,Sks.SharedResource$$CreateResource,Shelp.Internal.ApiCaller$$dispatchSharedResourceApi,high,request built in helper 0x55e074
/v1/shared_resources,GET,UNKNOWN,Sks.Protobuf.V1.SharedResources.Show.Response,SksSharedResourceGetResources,"string ids, string sharedResourceFields","RegisterCallback<SharedResource.ResultOfGetResources, Response>()",,Sks.SharedResource$$GetResources,Shelp.Internal.ApiCaller$$dispatchSharedResourceApi,medium,request built in helper 0x55d3c8; request type not found as a ProtoContract TypeInfo in the calling closure
/v1/shared_resources,GET,UNKNOWN,Sks.Protobuf.V1.SharedResources.Index.Response,SksSharedResourceSearchResources,"SharedResource.Type type, string category, SharedResource.SearchType searchType, string value, uint limit, string sharedResourceFields","RegisterCallback<SharedResource.ResultOfSearchResources, Response>()",,Sks.SharedResource$$SearchResources,Shelp.Internal.ApiCaller$$dispatchSharedResourceApi,medium,request built in helper 0x55d94c; request type not found as a ProtoContract TypeInfo in the calling closure
/v1/suspicious_activity,POST,UNKNOWN,UNKNOWN,SksSuspiciousActivityReportSuspiciousPlayer,UNKNOWN,UNKNOWN,,UNKNOWN,,low,"request built in helper 0x55fac0; no C# P/Invoke stub with this name; request type not found as a ProtoContract TypeInfo in the calling closure; response type not found (no ResultOf ctor, converter lambda or handler factory)"
/v1/version,GET,UNKNOWN,Sks.Protobuf.V1.Versions.Show.Response,SksSystemGetServerVersion,IntPtr callback,"RegisterCallback<string, Response>()",,Sks.System$$GetServerVersion,Shelp.Internal.ApiCaller$$dispatchSystemApi,medium,request built in helper 0x560048; request type not found as a ProtoContract TypeInfo in the calling closure; response type from converter lambda parameter
/v1/version,GET,UNKNOWN,UNKNOWN,SksSystemInitializeSystem,"string serverURI, string commonKey, PlatformPrivateContext.LogWriteCallback logWriteCallback, PlatformPrivateContext.TimezoneGetter timezoneGetter, string appVersion, string targetedOS, string runtimeOS, string deviceName, string market",UNKNOWN,,Sks.System$$InitializeSystem,Shelp.SystemManager$$Initialize,low,"request built in helper 0x55fe00; request type not found as a ProtoContract TypeInfo in the calling closure; response type not found (no ResultOf ctor, converter lambda or handler factory)"
/v2/payment/received_extra_bonuses/list,POST,Sks.Protobuf.V2.Payment.ReceivedExtraBonuses.List.Request,Sks.Protobuf.V2.Payment.ReceivedExtraBonuses.List.Response,SksPaymentGetReceivedExtraBonuses,"ByteArray requestBody, string receivedExtraBonusFields","RegisterCallback<Payment.ResultOfGetReceivedExtraBonuses, Response>()",,Sks.Payment$$GetReceivedExtraBonuses,Shelp.Internal.ApiCaller$$dispatchPaymentApi,high,request built in helper 0x559f80
/v2/players/@me/login_bonuses,POST,UNKNOWN,Sks.Protobuf.V2.LoginBonuses.Create.Response,SksLoginBonusCountUpLoginBonuses,string loginBonusFields,"RegisterCallback<LoginBonus.ResultOfCountUpLoginBonuses, Response>()",Sks.Protobuf.V2.LoginBonuses.Create.Request,Sks.LoginBonus$$CountUpLoginBonuses,Shelp.Internal.ApiCaller$$dispatchLoginBonusApi,medium,request built in helper 0x558204; request type not found as a ProtoContract TypeInfo in the calling closure
/v2/players/@me/login_bonuses,GET,UNKNOWN,Sks.Protobuf.V2.LoginBonuses.Index.Response,SksLoginBonusGetLoginBonusesAll,string loginBonusFields,"RegisterCallback<LoginBonus.ResultOfGetLoginBonusesAll, Response>()",,Sks.LoginBonus$$GetLoginBonusesAll,Shelp.Internal.ApiCaller$$dispatchLoginBonusApi,medium,request built in helper 0x557e50; request type not found as a ProtoContract TypeInfo in the calling closure
/v2/players/@me/products/list,POST,Sks.Protobuf.V2.Products.List.Request,Sks.Protobuf.V2.Products.List.Response,SksProductGetProducts,"ByteArray productKeys, string virtualCurrencyKey, string productFields, string virtualCurrencyBalanceFields",UNKNOWN,,Sks.Product$$GetProducts,Shelp.Internal.ApiCaller$$dispatchProductApi,high,request built in helper 0x55b460
/v2/players/@me/products/list,POST,UNKNOWN,UNKNOWN,SksProductGetProductsAll,"string virtualCurrencyKey, string productFields, string virtualCurrencyBalanceFields",UNKNOWN,,Sks.Product$$GetProductsAll,Shelp.Internal.ApiCaller$$dispatchProductApi,low,"request built in helper 0x55b9b0; request type not found as a ProtoContract TypeInfo in the calling closure; response type not found (no ResultOf ctor, converter lambda or handler factory)"
/v2/players/@me/products/purchase,POST,Sks.Protobuf.V2.Products.Purchase.Request,Sks.Protobuf.V2.Products.Purchase.Response,SksProductPurchase,"ByteArray orders, string virtualCurrencyBalanceFields, string inventoryFields, string storageFields","RegisterCallback<Product.ResultOfPurchase, Response>()",,Sks.Product$$Purchase,Shelp.Internal.ApiCaller$$dispatchProductApi,high,request built in helper 0x55bec0
/v3/booster/event_race/list_term_statistics,POST,Sks.Protobuf.V3.Booster.EventRace.ListTermStatistics.Request,Sks.Protobuf.V3.Booster.EventRace.ListTermStatistics.Response,SksEventRaceListTermStatistics,ByteArray requestBody,"RegisterCallback<EventRace.ResultOfListTermStatistics, Response>()",,Sks.EventRace$$ListTermStatistics,Shelp.Internal.ApiCaller$$dispatchEventRaceApi,high,
/v3/booster/giftable_player_resource/delete_gifts_and_save_storages,POST,Sks.Protobuf.V3.Booster.GiftablePlayerResource.DeleteGiftsAndSaveStorages.Request,Sks.Protobuf.V3.Booster.GiftablePlayerResource.DeleteGiftsAndSaveStorages.Response,SksGiftablePlayerResourceDeleteGiftsAndSaveStorages,ByteArray requestBody,"RegisterCallback<GiftablePlayerResource.ResultOfDeleteGiftsAndSaveStorages, Response>()",,Sks.GiftablePlayerResource$$DeleteGiftsAndSaveStorages,Shelp.Internal.ApiCaller$$dispatchGiftablePlayerResourceApi,high,
/v3/booster/giftable_player_resource/gift_and_save_storages,POST,Sks.Protobuf.V3.Booster.GiftablePlayerResource.GiftAndSaveStorages.Request,Sks.Protobuf.V3.Booster.GiftablePlayerResource.GiftAndSaveStorages.Response,SksGiftablePlayerResourceGiftAndSaveStorages,ByteArray requestBody,"RegisterCallback<GiftablePlayerResource.ResultOfGiftAndSaveStorages, Response>()",,Sks.GiftablePlayerResource$$GiftAndSaveStorages,Shelp.Internal.ApiCaller$$dispatchGiftablePlayerResourceApi,high,
/v3/booster/giftable_player_resource/list_gifts,POST,Sks.Protobuf.V3.Booster.GiftablePlayerResource.ListGifts.Request,Sks.Protobuf.V3.Booster.GiftablePlayerResource.ListGifts.Response,SksGiftablePlayerResourceListGifts,ByteArray requestBody,"RegisterCallback<GiftablePlayerResource.ResultOfListGifts, Response>()",,Sks.GiftablePlayerResource$$ListGifts,Shelp.Internal.ApiCaller$$dispatchGiftablePlayerResourceApi,high,
/v3/booster/intentional_push_notification/send_push_notifications,POST,Sks.Protobuf.V3.Booster.IntentionalPushNotification.SendPushNotifications.Request,NONE_PARSED,SksIntentionalPushNotificationSendPushNotifications,ByteArray requestBody,RegisterCallback<IntentionalPushNotification.ResultOfSendPushNotifications>(),Sks.Protobuf.V3.Booster.IntentionalPushNotification.SendPushNotifications.Response,Sks.IntentionalPushNotification$$SendPushNotifications,Shelp.Internal.ApiCaller$$dispatchIntentionalPushNotificationApi,high,C# registers RegisterCallback<T> with no protobuf schema: the client does not parse a response body for this call
/v3/booster/izumo/create_client_key,POST,UNKNOWN,Sks.Protobuf.V3.Booster.Izumo.CreateClientKey.Response,SksIzumoCreateClientKey,(none),"RegisterCallback<Izumo.ResultOfCreateClientKey, Response>()",Sks.Protobuf.V3.Booster.Izumo.CreateClientKey.Request,Sks.Izumo$$CreateClientKey,Shelp.Internal.ApiCaller$$dispatchIzumoApi,medium,request type not found as a ProtoContract TypeInfo in the calling closure
/v3/booster/mii/create_miis,POST,Sks.Protobuf.V3.Booster.Mii.CreateMiis.Request,Sks.Protobuf.V3.Booster.Mii.CreateMiis.Response,SksMiiCreateMiis,ByteArray requestBody,"RegisterCallback<Mii.ResultOfCreateMiis, Response>()",,Sks.Mii$$CreateMiis,Shelp.Internal.ApiCaller$$dispatchMiiApi,high,
/v3/booster/mii/delete_miis,POST,Sks.Protobuf.V3.Booster.Mii.DeleteMiis.Request,NONE_PARSED,SksMiiDeleteMiis,ByteArray requestBody,RegisterCallback<Mii.ResultOfDeleteMiis>(),Sks.Protobuf.V3.Booster.Mii.DeleteMiis.Response,Sks.Mii$$DeleteMiis,Shelp.Internal.ApiCaller$$dispatchMiiApi,high,C# registers RegisterCallback<T> with no protobuf schema: the client does not parse a response body for this call
/v3/booster/mii/list_own_miis,POST,Sks.Protobuf.V3.Booster.Mii.ListOwnMiis.Request,Sks.Protobuf.V3.Booster.Mii.ListOwnMiis.Response,SksMiiListOwnMiis,ByteArray requestBody,"RegisterCallback<Mii.ResultOfListOwnMiis, Response>()",,Sks.Mii$$ListOwnMiis,Shelp.Internal.ApiCaller$$dispatchMiiApi,high,
/v3/booster/mii/search_miis,POST,Sks.Protobuf.V3.Booster.Mii.SearchMiis.Request,Sks.Protobuf.V3.Booster.Mii.SearchMiis.Response,SksMiiSearchMiis,ByteArray requestBody,"RegisterCallback<Mii.ResultOfSearchMiis, Response>()",,Sks.Mii$$SearchMiis,Shelp.Internal.ApiCaller$$dispatchMiiApi,high,
/v3/booster/mk8dx/fetch_play_report,POST,UNKNOWN,UNKNOWN,SksMk8dxFetchPlayReport,UNKNOWN,UNKNOWN,,UNKNOWN,,low,"no C# P/Invoke stub with this name; request type not found as a ProtoContract TypeInfo in the calling closure; response type not found (no ResultOf ctor, converter lambda or handler factory)"
/v3/booster/rank_race/join,POST,Sks.Protobuf.V3.Booster.RankRace.Join.Request,Sks.Protobuf.V3.Booster.RankRace.Join.Response,SksRankRaceJoin,ByteArray requestBody,"RegisterCallback<RankRace.ResultOfJoin, Response>()",,Sks.RankRace$$Join,Shelp.Internal.ApiCaller$$dispatchRankRaceApi,high,
/v3/booster/rank_race/join_and_update_scores,POST,Sks.Protobuf.V3.Booster.RankRace.JoinAndUpdateScores.Request,Sks.Protobuf.V3.Booster.RankRace.JoinAndUpdateScores.Response,SksRankRaceJoinAndUpdateScores,ByteArray requestBody,"RegisterCallback<RankRace.ResultOfJoinAndUpdateScores, Response>()",,Sks.RankRace$$JoinAndUpdateScores,Shelp.Internal.ApiCaller$$dispatchRankRaceApi,high,
/v3/booster/rank_race/list_player_situations,POST,Sks.Protobuf.V3.Booster.RankRace.ListPlayerSituations.Request,Sks.Protobuf.V3.Booster.RankRace.ListPlayerSituations.Response,SksRankRaceListPlayerSituations,ByteArray requestBody,"RegisterCallback<RankRace.ResultOfListPlayerSituations, Response>()",,Sks.RankRace$$ListPlayerSituations,Shelp.Internal.ApiCaller$$dispatchRankRaceApi,high,
/v3/booster/rank_race/list_rivals,POST,Sks.Protobuf.V3.Booster.RankRace.ListRivals.Request,Sks.Protobuf.V3.Booster.RankRace.ListRivals.Response,SksRankRaceListRivals,ByteArray requestBody,"RegisterCallback<RankRace.ResultOfListRivals, Response>()",,Sks.RankRace$$ListRivals,Shelp.Internal.ApiCaller$$dispatchRankRaceApi,high,
/v3/booster/rank_race/save_term_result,POST,Sks.Protobuf.V3.Booster.RankRace.SaveTermResult.Request,Sks.Protobuf.V3.Booster.RankRace.SaveTermResult.Response,SksRankRaceSaveTermResult,ByteArray requestBody,"RegisterCallback<RankRace.ResultOfSaveTermResult, Response>()",,Sks.RankRace$$SaveTermResult,Shelp.Internal.ApiCaller$$dispatchRankRaceApi,high,
/v3/booster/rank_race/show_last_joined_term_situation,POST,Sks.Protobuf.V3.Booster.RankRace.ShowLastJoinedTermSituation.Request,Sks.Protobuf.V3.Booster.RankRace.ShowLastJoinedTermSituation.Response,SksRankRaceShowLastJoinedTermSituation,ByteArray requestBody,"RegisterCallback<RankRace.ResultOfShowLastJoinedTermSituation, Response>()",,Sks.RankRace$$ShowLastJoinedTermSituation,Shelp.Internal.ApiCaller$$dispatchRankRaceApi,high,
/v3/booster/rank_race/show_term_situation,POST,Sks.Protobuf.V3.Booster.RankRace.ShowTermSituation.Request,Sks.Protobuf.V3.Booster.RankRace.ShowTermSituation.Response,SksRankRaceShowTermSituation,ByteArray requestBody,"RegisterCallback<RankRace.ResultOfShowTermSituation, Response>()",,Sks.RankRace$$ShowTermSituation,Shelp.Internal.ApiCaller$$dispatchRankRaceApi,high,
/v3/booster/rank_race/update_score,POST,Sks.Protobuf.V3.Booster.RankRace.UpdateScore.Request,Sks.Protobuf.V3.Booster.RankRace.UpdateScore.Response,SksRankRaceUpdateScore,ByteArray requestBody,"RegisterCallback<RankRace.ResultOfUpdateScore, Response>()",,Sks.RankRace$$UpdateScore,Shelp.Internal.ApiCaller$$dispatchRankRaceApi,high,
/v3/booster/season_summary/list_summary_prepared_seasons,POST,Sks.Protobuf.V3.Booster.SeasonSummary.ListSummaryPreparedSeasons.Request,Sks.Protobuf.V3.Booster.SeasonSummary.ListSummaryPreparedSeasons.Response,SksSeasonSummaryListSummaryPreparedSeasons,ByteArray requestBody,"RegisterCallback<SeasonSummary.ResultOfListSummaryPreparedSeasons, Response>()",,Sks.SeasonSummary$$ListSummaryPreparedSeasons,Shelp.Internal.ApiCaller$$dispatchSeasonSummaryApi,high,
/v3/daily_bonus/update_daily_bonus,POST,Sks.Protobuf.V3.DailyBonus.UpdateDailyBonus.Request,NONE_PARSED,SksV2SecurityVerifyPlayIntegrityJWT,ByteArray requestBody,RegisterCallback<V2Security.ResultOfVerifyPlayIntegrityJWT>(),Sks.Protobuf.V3.DailyBonus.UpdateDailyBonus.Response,Sks.V2Security$$VerifyPlayIntegrityJWT,Shelp.Internal.ApiCaller$$dispatchV2SecurityApi,high,request built in helper 0x561b30; C# registers RegisterCallback<T> with no protobuf schema: the client does not parse a response body for this call
/v3/debug_player/destroy_debug_player,POST,UNKNOWN,Sks.Protobuf.V3.DebugPlayer.DestroyDebugPlayer.Response,SksDebugPlayerDestroyDebugPlayer,(none),"RegisterCallback<DebugPlayer.ResultOfDestroyDebugPlayer, Response>()",Sks.Protobuf.V3.DebugPlayer.DestroyDebugPlayer.Request,Sks.DebugPlayer$$DestroyDebugPlayer,Shelp.Internal.ApiCaller$$dispatchDebugPlayerApi,medium,request built in helper 0x55150c; request type not found as a ProtoContract TypeInfo in the calling closure
/v3/debug_player/set_debug_time,POST,Sks.Protobuf.V3.DebugPlayer.SetDebugTime.Request,Sks.Protobuf.V3.DebugPlayer.SetDebugTime.Response,SksDebugPlayerSetDebugTime,ByteArray requestBody,"RegisterCallback<DebugPlayer.ResultOfSetDebugTime, Response>()",,Sks.DebugPlayer$$SetDebugTime,Shelp.Internal.ApiCaller$$dispatchDebugPlayerApi,high,request built in helper 0x5511d8
/v3/debug_player/show_debug_player,POST,UNKNOWN,Sks.Protobuf.V3.DebugPlayer.ShowDebugPlayer.Response,SksDebugPlayerShowDebugPlayer,(none),"RegisterCallback<DebugPlayer.ResultOfShowDebugPlayer, Response>()",Sks.Protobuf.V3.DebugPlayer.ShowDebugPlayer.Request,Sks.DebugPlayer$$ShowDebugPlayer,Shelp.Internal.ApiCaller$$dispatchDebugPlayerApi,medium,request built in helper 0x550ec4; request type not found as a ProtoContract TypeInfo in the calling closure
/v3/inventory/get_inventories,POST,Sks.Protobuf.V3.Inventory.GetInventories.Request,Sks.Protobuf.V3.Inventory.GetInventories.Response,SksInventoryGetInventories,ByteArray requestBody,"RegisterCallback<Inventory.ResultOfGetInventories, Response>()",,Sks.Inventory$$GetInventories,Shelp.Internal.ApiCaller$$dispatchInventoryApi,high,request built in helper 0x555a54
/v3/inventory/receive_server_controlled_resources,POST,Sks.Protobuf.V3.Inventory.ReceiveServerControlledResources.Request,Sks.Protobuf.V3.Inventory.ReceiveServerControlledResources.Response,SksInventoryReceiveServerControlledResources,ByteArray requestBody,"RegisterCallback<Inventory.ResultOfReceiveServerControlledResources, Response>()",,Sks.Inventory$$ReceiveServerControlledResources,Shelp.Internal.ApiCaller$$dispatchInventoryApi,high,request built in helper 0x5567d0
/v3/limited_nintendo_account/fetch_nintendo_account,POST,Sks.Protobuf.V3.LimitedNintendoAccount.FetchNintendoAccount.Request,Sks.Protobuf.V3.LimitedNintendoAccount.FetchNintendoAccount.Response,SksLimitedNintendoAccountFetchNintendoAccount,ByteArray requestBody,"RegisterCallback<LimitedNintendoAccount.ResultOfFetchNintendoAccount, Response>()",,Sks.LimitedNintendoAccount$$FetchNintendoAccount,Game.SakashoNintendoAccountManager.<routineGetLinkedAccount>d__18$$MoveNext; Shelp.Internal.ApiCaller$$dispatchLimitedNintendoAccountApi; Game.SakashoNintendoAccountManager.<routineLink>d__17$$MoveNext,high,request built in helper 0x556e18
/v3/limited_subscription/get_entitlements,POST,Sks.Protobuf.V3.LimitedSubscription.GetEntitlements.Request,Sks.Protobuf.V3.LimitedSubscription.GetEntitlements.Response,SksLimitedSubscriptionGetEntitlements,ByteArray requestBody,"RegisterCallback<LimitedSubscription.ResultOfGetEntitlements, Response>()",,Sks.LimitedSubscription$$GetEntitlements,Shelp.Internal.ApiCaller$$dispatchLimitedSubscriptionApi,high,request built in helper 0x557b1c
/v3/limited_subscription/get_global_purchases,POST,Sks.Protobuf.V3.LimitedSubscription.GetGlobalPurchases.Request,Sks.Protobuf.V3.LimitedSubscription.GetGlobalPurchases.Response,SksLimitedSubscriptionGetGlobalPurchases,ByteArray requestBody,"RegisterCallback<LimitedSubscription.ResultOfGetGlobalPurchases, Response>()",,Sks.LimitedSubscription$$GetGlobalPurchases,Shelp.Internal.ApiCaller$$dispatchLimitedSubscriptionApi,high,request built in helper 0x55735c
/v3/limited_subscription/get_purchases_with_account_hold,POST,Sks.Protobuf.V3.LimitedSubscription.GetPurchasesWithAccountHold.Request,Sks.Protobuf.V3.LimitedSubscription.GetPurchasesWithAccountHold.Response,SksLimitedSubscriptionGetPurchases,ByteArray requestBody,"RegisterCallback<LimitedSubscription.ResultOfGetPurchases, Response>()",,Sks.LimitedSubscription$$GetPurchases,Shelp.Internal.ApiCaller$$dispatchLimitedSubscriptionApi,high,request built in helper 0x5577e8
/v3/security_nonce/generate_nonce,POST,Sks.Protobuf.V3.SecurityNonce.GenerateNonce.Request,Sks.Protobuf.V3.SecurityNonce.GenerateNonce.Response,SksV2SecurityGenerateNonce,ByteArray requestBody,"RegisterCallback<V2Security.ResultOfGenerateNonce, Response>()",,Sks.V2Security$$GenerateNonce,Shelp.Internal.ApiCaller$$dispatchV2SecurityApi,high,request built in helper 0x5617fc
/v3/server_controlled_constant/get_all_constants,POST,Sks.Protobuf.V3.ServerControlledConstant.GetAllConstants.Request,Sks.Protobuf.V3.ServerControlledConstant.GetAllConstants.Response,SksServerControlledConstantGetAllConstants,ByteArray requestBody,"RegisterCallback<ServerControlledConstant.ResultOfGetAllConstants, Response>()",,Sks.ServerControlledConstant$$GetAllConstants,Shelp.Internal.ApiCaller$$dispatchServerControlledConstantApi,high,request built in helper 0x55ce84
/v3/subscription_continuation/update_continuation,POST,Sks.Protobuf.V3.SubscriptionContinuation.UpdateContinuation.Request,Sks.Protobuf.V3.SubscriptionContinuation.UpdateContinuation.Response,SksSubscriptionContinuationUpdateContinuation,ByteArray requestBody,"RegisterCallback<SubscriptionContinuation.ResultOfUpdateContinuation, Response>()",,Sks.SubscriptionContinuation$$UpdateContinuation,Shelp.Internal.ApiCaller$$dispatchSubscriptionContinuationApi,high,request built in helper 0x55f78c
